FdA,Foundation of Arts,FDA,Foundation Degree of the Arts,FDArts,Foundation Degree of the Arts,FDEd,Foundation Degree of Education,FdEng,Foundation of Engineering,FDEng,Foundation Degree of Engineering,FDS,Foundation Degree of Science,FdSc,Foundation of Sciences,AgrB,Bachelor of Agriculture,BA,Bachelor of Arts,BA(Admin),Bachelor of Arts in Administration,BACom,Bachelor of Arts in Commerce,BAEcon,Bachelor of Arts in Economics,BA(Ed),Bachelor of Arts in Education,BA(FS),Bachelor of Arts in Financial Studies,BAI,Bachelor of Arts in Engineering,BAI(Elect),Bachelor of Arts in Electrical Engineering,BAI(Mech),Bachelor of Arts in Mechanical Engineering,BALaw,Bachelor of Arts in Law,BAO,Bachelor of Arts in Obstetrics,BARelSt,Bachelor of Arts on Religious Studies,BASc,Bachelor of Arts and Science,BASoc,Bachelor of Arts in Sociology,BATheol,Bachelor of Arts in Theology,BA/BSc,Bachelor of Arts/Bachelor of Science,BAcc,Bachelor of Accounting,BAdmin,Bachelor of Administration,BAgr,Bachelor of Agriculture,BAH,Bachelor of Animal Health,BArch,Bachelor of Architecture,BArchSc,Bachelor of Architectural Science,BBA,Bachelor of Business Administration,BBLS,BBS,BBus,BChem,BCL,BCLD,BClinSci,BCom,BCombSt,BCommEdCommDev,BComSc,BD,BDes,BDiv,BEconSc,BEconSci,BEd,BEng,BES,BEng(Tech),BEng/BSc,BFA,BFin,BFLS,BFST,BH,BHealthSc,BHSc,BHy,BIBA,BJur,BL,BLE,BLegSc,BLib,BLing,BLitt,BLittCelt,BLS,BM,BMedSc,BMedSci,BMet,BMid,BMidWif,BMin,BMS,BMSc,BMus,BMusEd,BMusPerf,BN,BNatSci,BNS,BNurs,BOptom,BOst,BPA,BPharm,BPhil,BPhil(Ed),BPhys,BPhysio,BPI,BRadiog,BSc,BScAgr,BSc(Dairy),BScD,BSc(DomSc),BScEc,BScEcon,BSc(Econ),BSc(Ed),BSc(Eng),BScFor,BScHW,BSc(HealthSc),BSc(Hort),BSc(MCRM),BSc(Med),BSc(Mid),BSc(Min),BSc(Psych),BScHSc,BScPH,BScTech,BSocSC,BSS,BSt,BStSu,BSW,BTCP,BTech,BTechEd,BTh,BTheol,BTS,EdB,LittB,LLB,LLB(Eur),MA,MA(SocSci),MusB,ScBTech,MAcc,MAccFin,MAnth,MArabic,MArc,MArch,MArt,MBio,MBiochem,MBiol,MBiolSci,MBiomed,MBioMedSci,MBioms,MBus,MChD,MChem,MChemPhys,MChiro,MClass,MClassL,MComp,MCompPhil,MCompSci,MCompSC,M.CMAc,MCreW,MDiv,MDes,MDrama,MEarthPhys,MEarthSci,MEdStud,MEcol,MEcon,MEng,MEngLit,MEnv,MEnvSc,MESci,MFin,MFor,MGeog,MGeogSCI,MGeol,MGeophys,MGeoSci,MHist,MHRM,MInf,MLA,MLang,MLaw,MLibArts,MLing,MMarBiol,MMark,MMath,MMath&Phys,MMath,Phys,MMathCompSci,MMathPhil,MMathPhys,MMathStat,MMBiol,MME,MMedSci,MMet,MMkt,MMorse,MMSc,MNatSc,MNeuro,MNeuroSci,MNSW,MNurs,MNursSci,MNutr,MOcean,MOptom,MOSci,MOst,M.Ost.,MPharm,MPharmacol,MPhilSt,MPhyPhil,MPhys,MPhysio,MPhysPhil,MPlan,MPLAN,MPol,MPsych,MRelSt,MSci,MScOT,MScOccTher,MSLT,MSoc,MScoStud,MSPRT,MStat,MTheathre,MTheol,MTCP,MVetPhys,MZOOL,BChD,BDOS,BDS,DDS,BMBS,BMBCh,MB,BChir,MBBCh,MBBS,MBChB,MD,BVS,BVetM,BVetMed,BVM&S,BVMBVS,BVMedSci,BVMS,BVMSci,BVSc,VetMB,BCL,BPhil,EMBS,LLM,MA,MArch,MASt,MBA,MBL,MComp,MCD,MCh,MCL,MClinDent,MDes,MEd,MEng,MEng(Eur),MEP,MFA,HMHW,MJur,MLib,MLit,MLitt,MMin,MMus,MPA,MPerf,MPH,MPhil,MPP,MProf,MRes,MbyRes,MSc,MSc(Eur),MScEcon,MScD,MScHW,MSt,MSW,MTeach,MTL,MTh,MTheol,MUniv,MusM,AdminD,AMusD,ClinPsyD,DAHP,DAP,DAppEdPsy,DBA,DBAEngTech,DBL,DBS,DClinPrac,DClinPsy,DClinPsych,DCouns,DDP,DDS,DEd,DEdChPsy,DEdPsy,DEng,DFin,DFT,DForenPsy,DHealthPsy,DHC,DHS,DHSc,DHum,DHy,DLang,DM,DMA,DMan,DMet,DMin,DMus,DMW,DNurs,DNursSc,DOccTher,DOT,DPA,DPH,DProf,DProfCounsPsy,DProfHW,DPS,DPT,DSocCare,DSportExPsy,DSportExSci,DSW,DTh,DThM,DTour,EdChPsychD,EdD,EDD,EdPsychD,EngD,EntD,HScD,JD,MD,MusD,PsychD,SocSciD,SocScD,SPPD,ThD,DDS,DNursSci,DPhil,M,MD(Res),PhD,DCh,DCL,DD,DDSc,DHL,DLitt,DLit,DLit(Ed),DM,DMus,Dr.h.c.,Dr.(h.c.),DSc,DSc(Econ),DSc(Eng),DSc(Med),DScEcon,DTech,DUniv,EngD,LittD,LLD,ScD,MA(h.c.)
Mr.,Mrs.,Ms.,
male,female,female,other
Dear Mr,Dear Mrs,Dear Ms,Dear Sirs
english titles
according to https://en.wikipedia.org/wiki/British_degree_abbreviations