B. A.,BBA,B. Sc.,LL. B.,B. Ed.,B. Eng.,B. F. A.,B. Mus.,B. M. A.,M. A.,M. Sc.,M. Eng.,LL. M.,M. F. A.,M. Mus.,M. Ed.,European Master in Intercultural Education,M. Ac.,MBA,MBA Eng.,M. Edu.,MAS,M. AVIMA,M. BP.,MBE,MBC,MBI,M. B. L.,LL. M. oec.,MScBL,MBM,MBR,MBS,M. C. L.,M. Comp. Sc.,Master of Criminology and Police Science,MCA,Master of Economics,Master of Economics and Business,MDM,M. D. R. A.,Master of Engineering in Traffic Accident Research,M. E. S.,M. Eval,MIM,MHA,MHMM,MHBA,MaHM,MaHE,MoHE,MaHM,M. I. Tax,MALIS,M. A. (LIS),MM,M. mel.,MoM,MoP,MPA,MPA,MPH,MPM,MPP,Master in Redevelopment,MScHM,MSM,MTM,M. Th.,lic. theol.,lic. iur. can.,lic. rer. publ.,lic. rer. reg.,B. A.,Bac. Jur.,Bac. Oec.,M. A.,M. Sc.,LL. M.,MLE,Mag. rer. publ.,Mag. theol. bzw. M. Theol.,Mag. iur.,M. Th.,Dipl.-Inf. (DH),Dipl.-Ing. (DH),Dipl.-Betriebsw. (DH),Dipl.-Wirtsch.-Inf. (DH),Dipl.-Soz.päd. (DH),Dipl.-Agrar Ing. (FH),Dipl.-Archivar (FH),Dipl.-Betriebsw. (FH),Dipl.-Bibl. (FH),Dipl.-Bioinf. (FH),Dipl.-Bioing. (FH),Dipl.-Biomath. (FH),Dipl.-Chem. (FH),Dipl.-Des. (FH),Dipl.-Dok. (FH),Dipl.-Dolm. (FH),Dipl.-Energiewirt (FH),Dipl.-Ergotherapeut (FH),Dipl.-oec.-troph. (FH),Dipl.-Fachübersetzer (FH),Dipl.-Finw. (FH),Dipl.-Forsting. (FH),Dipl. FÖ (FH),Diplom für Freie Bildende Kunst (FH),Dipl.-Freizeitwiss. (FH),Dipl.-Ges.oec. (FH),Dipl.-Immobilienw. (FH),Dipl.-Inf. (FH),Dipl.-Inf.-Wirt (FH),Dipl.-Ing. (FH),Dipl.-Ing. Gartenbau (FH),Dipl.-Journ. (FH),Dipl.-Kffr. (FH),Dipl.-Kfm. (FH),Dipl.-Komm.Psych. (FH),Dipl.-Kult.arb. (FH),Dipl.-Künstler (FH),Dipl.-Kunsttherap. (FH),Dipl.-Logist. (FH),Dipl.-Math. (FH),Dipl.-Medieninform. (FH),Dipl.-Medienök. (FH),Dipl.-Medienw. (FH),Dipl.-Mediator (FH),Dipl.-Museol. (FH),Dipl.-Musiktherap. (FH),Dipl.-Naut. (FH),Dipl.oec.troph (FH),Dipl.-Online-Journalist (FH),Dipl.-Pfl. (FH),Dipl.-Pflegew. (FH),Dipl.-Pflegepäd. (FH),Dipl.-Physiotherapeut (FH),Dipl.-Pol. (FH),Dipl.-Red. (FH),Dipl.-Rel.-päd. (FH),Dipl.-Rest. (FH),Dipl.-Reha-psych. (FH),Dipl.-Rpfl. (FH),Dipl.-Sicherheitsing. (FH),Dipl.-Soz. Arb. (FH),Dipl.-Soz.jur. (FH),Dipl.-Soz.päd. (FH),Dipl.-Soz.-wirt (FH),Diplom-Theaterpädagoge (FH),Dipl.-Techn. (FH),Dipl.-Tech.-Red. (FH),Dipl.-Übers. (FH),Dipl.-Vers.-Betriebsw. (FH),Dipl.-Verww. (FH),Dipl.-Verw.-Betriebsw. (FH),Diplom-Verwaltungsinformatiker (FH),Dipl.-Verw.-Manager (FH),Diplom für Wirtschaft (FH),Dipl.-Volksw. (FH),Dipl.-Wirt.-Inf. (FH),Dipl.-Wi.-Inform. (FH),Dipl.-Wirtsch.-Ing. (FH),Dipl.-Wirt.-Ing. (FH),Diplom-Wirtschaftsjapanologe (FH),Dipl.-Wi.Jur. (FH),Dipl.-Wirtschaftspsych. (FH),Dipl.-Wirt.-Übers.(FH),Dipl.-Anim.,Dipl.-Arch.,Dipl. Audiovisuelle Medien,Diplom-Ausstellungsdesigner,Diplom für Bildende Kunst,Diplom für Bildende Künste,Diplom-Bühnenbildner,Diplom in Bühnenbild,Diplom-Bühnendarsteller,Diplom in Bühnendarstellung,Diplom-Choreograph,Dipl.-Des.,Dipl.-Film- u. Fernsehdram.,Dipl.-Film- u. Fernsehwirt.,Dipl.-Filmkomp.,Dipl. Freie Kunst,Diplom für Freie Bildende Kunst,Diplom in Gesang,Dipl.-Ing.,Dipl.-Kam.,Diplom-Kirchenmusiker,Diplom in Kirchenmusik,Dipl. Kunstpädagogik,Dipl. Kunstpädagogik/Kunstvermittlung,Dipl.-Kunst.-Päd.,Diplom-Musiker,Dipl.-Rest.,Diplom-Mediale Künste,Dipl. Mus.,Dipl.-Mus.-Päd.,Dipl.-Musikl.,Diplom in Musikpädagogik,Diplom-Sänger,Dipl.-Reg.,Dipl.-Schau.,Dipl.-Schnittm.,Dipl.-Szeneb.,Dipl.-Szenem.,Diplom-Szenograf,Diplom-Tanzpädagoge,Diplom in Tanzpädagogik,Dipl.-Tonm.,Dipl. Vis. Komm.,Dipl.agr.biol.,Dipl.agr.oec.,Dipl.-Angl.,Dipl.-Arch.,Dipl.-Berufspäd.,Dipl.-Betriebsw.,Dipl.-Bibl.,Dipl.-Biochem.,Dipl.-Biogeogr.,Dipl.-Bioinf.,Dipl.-Biol.,Dipl.-Biol. (t.o.),Dipl.-Biophys.,Dipl.-Biotechnol.,Dipl.-Braumeister,Dipl.-Chem.,Dipl.-Chem.-Ing.,Diplom-Caritaswissenschaftler,Dipl.-Chem.oec.,Dipl.-Comp.-Math.,Dipl.-Demogr.,Dipl.-Des.,Diplom-Diakoniewissenschaftler,Dipl.-Dolm.,Dipl.-Dram.,Dipl.-Forstw.,Diplom für Freie Bildende Kunst,Dipl.-Geogr.,Dipl.-Geoinf.,Dipl.-Geol.,Dipl.-Geoökol.,Dipl.-Geophys.,Dipl.-Germ.,Dipl.-Geront.,Dipl.-Ges.oec.,Dipl.-Ghl.,Dipl. GDFS,Dipl.-Gwl.,Dipl.-Gyml.,Dipl.-Hdl.,Dipl.-Heilpäd.,Dipl.-Hist.,Dipl.-Holzwirt,Dipl.-Humanbiologe,Dipl. human. biol.,Dipl.-Hydrol.,Dipl.-Ind. Arch.,Dipl.-Inf.,Dipl.-Inform. Med.,Dipl.-Inf.Wirt/Inform.Wirt,Dipl.-Inf.wiss,Dipl.-Ing.,Dipl.-Ing. agr.,Dipl.-Ing.-Inf.,Dipl.-Ing. oec.,Dipl.-Ing.-Päd.,Dipl.-Ing. silv.,Dipl.-jur.,Dipl.-Journ.,Dipl.-Kff.,Dipl.-Kfm.,Dipl.-Kfm. t.o.,Dipl.-Komm.-Wirt,Dipl.-Krim.,Dipl.-Krim.,Dipl.-Kult.,Dipl.-Kult.Päd.,Dipl.-Kult.Man.,Dipl.-Kulturwirt,Dipl.-Künstler,Dipl.-Kunstpädagoge,Dipl.-Landsch.-ökol.,Dipl.-Lebensmittelchem.,Dipl.-Lehrer,Dipl.-Ling.,Dipl.-LMChem.,Dipl.-LM-Ing.,Dipl.-Logist.,Dipl.-Math.,Dipl.-Math. oec.,Dipl.-Math. techn.,Dipl.-Med.,Dipl.-Vet.-Med.,Dipl.-Med. Päd.,Dipl.-Medienberater,Dipl.-Mediengestalter,Dipl.-Medieninf.,Dipl.-Medienprakt.,Dipl.-Medienwirt,Dipl.-Medienwiss.,Dipl.-Met.,Dipl.-Mot.,Dipl.-Mol.Med.,Dipl.-Mikrobiol.,Dipl.-Mil.,Dipl.-Min.,Dipl.-NanoSc.,Dipl.-Nat.,Dipl.-Hist.Sc,Dipl.-Neurowiss.,Dipl.oec.troph.,Dipl.-Oec.,Dipl.-Ök.,Dipl.-oen.,Dipl.-Orient.,Dipl.-Orientarchäologe,Dipl.-Oz.,Dipl.-Päd.,Diplompflegepädagoge,Dipl.-Pfl.,Dipl.-PGW,Dipl.-Pharm.,Dipl.-Phil.,Dipl.-Phys.,Dipl.-Phys. (Med.),Dipl.-Phys.Ing.,Dipl.-Phys. oec.,Dipl.-Pol.,Dipl.-Prähist.,Dipl.-Psych.,Dipl.-Reg.-Wiss.,Dipl.-Reh.-Päd.,Dipl. rer. com.,Dipl. rer. oec.,Dipl. rer. pol.,Dipl.-Rom.,Dipl. sc. pol. Univ.,Dipl.-Sicherheits.-Ing.,Dipl.-Soz.Ök.,Dipl.-Soz.,Dipl.-Soz. tech.,Dipl.-Soz.päd.,Dipl.-Sozw.,Dipl.-Sozialw.,Dipl.-Sporting.,Dipl.-Sportl.,Dipl.-SpOec.,Dipl.-Sportwiss.,Dipl.-Sprachm.,Dipl.-Sprechwiss.,Dipl.-Staatsw.,Dipl.-Stat.,Dipl.-Stom.,Dipl.-Stomat.,Dipl.-Systemwiss.,Dipl.-Tech. Math.,Dipl.-Technoinform.,Dipl.-Theol.,Dipl.-Troph.,Dipl.-Übersetzer,Dipl.-Umweltwiss.,Dipl.-UWT,Dipl.-Verk.wirtsch.,Dipl.-Verw. Wiss.,Dipl.-Volksw.,Dipl.-Wirt.,Diplom in Wirtschafts- und Arbeitsrecht (HWP Hamburg),Diplom-Wirtschafts- und Arbeitsjurist,Dipl.-Wirtchem.,Dipl.-Wirt.-Inf.,Dipl.-Wi.-Ing.,Dipl. iur .oec. univ.,Dipl.-Wigeo.,Dipl.-Wirtl.,Dipl.-Wipäd.,Dipl.-Wiss.org.,Dipl.-WiWi.,Dr. agr. (agriculturae),Dr.B.A.,Dr. biol. anim. (biologiae animalis),Dr. biol. hom. (biologiae hominis),Dr. cult. (culturae),Dr. disc. pol. (disciplinarum politicarum),Dr.-Ing.,Dr iur.,Dr. iur. can.,Dr. iur. et rer. pol.,Dr. iur. et rer. pol.,Dr. iur. utr.,Dr. math.,Dr. med.,Dr. med. dent.,Dr. med. sci.,Dr. med. vet.,Dr. nat. med.,Dr. nat. techn.,Dr. oec.,Dr. oec. publ.,Dr. oec. troph.,Dr. paed.,Dr. pharm.,Dr. phil.,Dr. phil. in art.,Dr. phil. nat.,Dr. PH,Dr. rer. agr.,Dr. rer. biol. hum.,Dr. rer. biol. vet.,Dr. rer. cult.,Dr. rer. cur.,Dr. rer. forest.,Dr. rer. hort.,Dr. rer. hum.,Dr. rer. med.,Dr. rer. medic.,Dr. rer. merc.,Dr. rer. mont.,Dr. rer. nat.,Dr. rer. oec.,Dr. rer. physiol.,Dr. rer. pol.,Dr. rer. publ.,Dr. rer. sec.,Dr. rer. silv.,Dr. rer. soc.,Dr. rer. techn.,Dr. sc. agr.,Dr. sc. hum.,Dr. sc. oec.,Dr. sc. phil.,Dr. sc. pol.,Dr. sc. soc.,Dr. sc. techn.,Dr. Sportwiss.,Dr. theol.,Dr. troph.,Ph. D. Freie Kunst,Ph. D. Kunst und Design,Ph. D. Medienkunst,Dr. mult.,Dres.,Dr. habil.,Drs.,Dr. des.,Dr. mph.,Dr. sc. rel.,Dr. sc. bs.,Dr. eccl.,DDr.,Dr. theol. et Dr.,Dr. h. c.,Dr. e. h.,D.,Dr.,Prof.,Professor,Doktor,C. P. A.
Herr,Frau,
male,female,other
Sehr geehrter,Sehr geehrte,Sehr geehrte*r